{
  "checkpoint": "checkpoints/ratio25_seed42/model_step_24500.pt",
  "train_ratio": 0.25,
  "seed": 42,
  "repeats": 10,
  "num_iterations": 100,
  "lambda_max_samples": [
    36.7676887512207,
    33.52633285522461,
    40.54888916015625,
    26.914592742919922,
    45.895591735839844,
    38.197113037109375,
    13.302665710449219,
    10.89279842376709,
    33.05142593383789,
    41.793128967285156
  ],
  "trace_samples": [
    259.44250946044923,
    200.3098937988281,
    254.3974380493164,
    161.17968521118163,
    328.9976318359375,
    265.6378173828125,
    173.45218658447266,
    122.2344581604004,
    203.70741500854493,
    280.2820877075195
  ]
}