{
  "checkpoint": "checkpoints/ratio50_seed42/model_step_24500.pt",
  "train_ratio": 0.5,
  "seed": 42,
  "repeats": 10,
  "num_iterations": 100,
  "lambda_max_samples": [
    48.272789001464844,
    70.24994659423828,
    47.89109420776367,
    61.42472839355469,
    59.76191329956055,
    91.78307342529297,
    43.13261413574219,
    34.01333236694336,
    102.67111206054688,
    87.96989440917969
  ],
  "trace_samples": [
    453.8910858154297,
    560.921533203125,
    376.2777435302734,
    522.7210235595703,
    428.5591674804688,
    628.8395263671875,
    312.27637481689453,
    313.094091796875,
    622.7047180175781,
    616.6303039550781
  ]
}