{
  "checkpoint": "checkpoints/ratio25_seed42/model_step_24500.pt",
  "train_ratio": 0.25,
  "seed": 42,
  "repeats": 10,
  "lambda_max_samples": [
    23.53398323059082,
    19.332727432250977,
    15.729496955871582,
    32.514766693115234,
    40.74001693725586,
    37.00069046020508,
    41.192562103271484,
    40.616336822509766,
    41.42201232910156,
    35.370723724365234
  ],
  "trace_samples": [
    135.69040451049804,
    171.0845932006836,
    150.58566818237304,
    230.38390350341797,
    247.9200668334961,
    235.4729766845703,
    307.06981658935547,
    207.17301177978516,
    332.5823013305664,
    301.76200103759766
  ]
}