{
  "checkpoint": "checkpoints/ratio50_seed42/model_step_24500.pt",
  "train_ratio": 0.5,
  "seed": 42,
  "repeats": 10,
  "lambda_max_samples": [
    92.05303192138672,
    59.065940856933594,
    37.23328399658203,
    41.83161926269531,
    85.4764404296875,
    58.54853057861328,
    41.640892028808594,
    89.46419525146484,
    77.048583984375,
    102.09451293945312
  ],
  "trace_samples": [
    503.5958587646484,
    466.4495574951172,
    354.45687103271484,
    322.54969329833983,
    598.8744812011719,
    440.02337036132815,
    358.8952377319336,
    516.7954528808593,
    503.3285278320312,
    543.2452362060546
  ]
}