{
  "checkpoint": "checkpoints/ratio25_seed42/model_step_2000.pt",
  "train_ratio": 0.25,
  "seed": 42,
  "repeats": 10,
  "lambda_max_samples": [
    287.2060546875,
    176.10739135742188,
    215.44007873535156,
    266.3936462402344,
    210.50022888183594,
    168.5144500732422,
    249.8279266357422,
    271.96343994140625,
    211.7093963623047,
    210.8638458251953
  ],
  "trace_samples": [
    4069.576904296875,
    4119.707983398437,
    2996.6199462890627,
    4240.236010742187,
    4425.8897705078125,
    3287.5581298828124,
    3905.147021484375,
    3643.2575927734374,
    3569.1195556640623,
    3690.8954345703123
  ]
}