{
  "checkpoint": "checkpoints/ratio10_seed42/model_step_24500.pt",
  "train_ratio": 0.1,
  "seed": 42,
  "repeats": 10,
  "lambda_max_samples": [
    207.46115112304688,
    202.7068634033203,
    189.07916259765625,
    78.35710144042969,
    207.9965362548828,
    64.39883422851562,
    205.20944213867188,
    207.9071807861328,
    209.5804443359375,
    189.66009521484375
  ],
  "trace_samples": [
    1679.540673828125,
    1756.0620239257812,
    1008.4734436035156,
    1072.5173950195312,
    1308.99208984375,
    949.7559448242188,
    1398.3908447265626,
    1588.4976196289062,
    1843.8182189941406,
    1265.8934814453125
  ]
}