{
  "checkpoint": "checkpoints/ratio10_seed42/model_step_24500.pt",
  "train_ratio": 0.1,
  "seed": 42,
  "repeats": 10,
  "num_iterations": 100,
  "lambda_max_samples": [
    208.72705078125,
    189.73770141601562,
    212.13954162597656,
    73.14353942871094,
    82.314453125,
    69.2716293334961,
    206.9257049560547,
    204.33216857910156,
    211.8530731201172,
    85.70853424072266
  ],
  "trace_samples": [
    1741.410107421875,
    1513.4868896484375,
    1698.57099609375,
    1248.655517578125,
    1123.5548156738282,
    1303.8420043945312,
    1249.6360229492188,
    1575.9574340820313,
    1709.2426879882812,
    1208.9730163574218
  ]
}