{
  "checkpoint": "checkpoints/ratio50_seed42/model_step_500.pt",
  "train_ratio": 0.5,
  "seed": 42,
  "repeats": 10,
  "lambda_max_samples": [
    109.46421813964844,
    113.7470932006836,
    119.47887420654297,
    110.36138916015625,
    120.1204833984375,
    106.36444854736328,
    112.85713195800781,
    109.77580261230469,
    111.62113189697266,
    116.40169525146484
  ],
  "trace_samples": [
    6031.825927734375,
    6378.592822265625,
    6446.92197265625,
    5953.07021484375,
    6510.828466796875,
    6045.975634765625,
    6344.878125,
    6018.740283203125,
    6444.204052734375,
    6617.607861328125
  ]
}