{
  "checkpoint": "checkpoints/ratio10_seed42/model_step_2000.pt",
  "train_ratio": 0.1,
  "seed": 42,
  "repeats": 10,
  "lambda_max_samples": [
    75.57524108886719,
    74.5174331665039,
    75.11347961425781,
    25.65146827697754,
    22.914445877075195,
    74.52001190185547,
    74.3841781616211,
    72.37539672851562,
    74.74967956542969,
    75.0155258178711
  ],
  "trace_samples": [
    650.430419921875,
    687.6826721191406,
    692.1176147460938,
    561.0637359619141,
    523.5313751220704,
    530.4879150390625,
    549.6602630615234,
    536.2268615722656,
    653.7435485839844,
    640.77099609375
  ]
}