{
  "checkpoint": "checkpoints/ratio10_seed42/model_step_2000.pt",
  "train_ratio": 0.1,
  "seed": 42,
  "repeats": 10,
  "num_iterations": 100,
  "lambda_max_samples": [
    74.21338653564453,
    74.0809097290039,
    74.50125122070312,
    74.74071502685547,
    75.80359649658203,
    71.36408996582031,
    75.10426330566406,
    75.10791778564453,
    74.51651763916016,
    75.01295471191406
  ],
  "trace_samples": [
    553.2410614013672,
    608.3054656982422,
    641.0178680419922,
    579.412646484375,
    651.3592315673828,
    584.0165374755859,
    573.1581420898438,
    504.6753356933594,
    563.5403991699219,
    543.1758544921875
  ]
}