{"AdamW": {"step": [1, 500, 1000, 1500, 2000, 2500, 3000, 3500, 4000, 4500, 5000, 5500, 6000, 6500, 7000, 7500, 8000, 8500, 9000, 9500, 10000, 10500, 11000, 11500, 12000, 12500, 13000, 13500, 14000, 14500, 15000, 15500, 16000, 16500, 17000, 17500, 18000, 18500, 19000, 19500, 20000, 20500, 21000, 21500, 22000, 22500, 23000, 23500, 24000, 24500, 25000], "lambda_max": [46.861175537109375, 429.78204345703125, 333.9789123535156, 301.2434997558594, 428.63641357421875, 537.8130493164062, 504.0732116699219, 676.5396118164062, 558.8485107421875, 620.2584838867188, 929.036376953125, 1063.1634521484375, 636.4151000976562, 710.1461181640625, 835.994873046875, 691.174072265625, 672.9368286132812, 791.1954345703125, 531.8046264648438, 604.6319580078125, 1440.3314208984375, 946.005126953125, 810.8812866210938, 1073.5142822265625, 847.8786010742188, 854.953369140625, 1040.3900146484375, 909.25390625, 1205.87158203125, 855.3134765625, 760.5391235351562, 945.8046875, 839.49267578125, 879.156494140625, 1003.2506713867188, 837.14208984375, 695.8980102539062, 780.02001953125, 967.9779052734375, 879.6516723632812, 957.8092041015625, 775.9107055664062, 630.6780395507812, 701.224853515625, 786.3785400390625, 806.0311889648438, 734.0064697265625, 744.512451171875, 679.228271484375, 458.3625183105469, 866.79931640625], "val_acc": [0.008501594048884165, 0.40828905419766204, 0.993836344314559, 0.9993623804463337, 0.9976620616365569, 0.9987247608926674, 0.9982996811902232, 0.9955366631243359, 0.9951115834218917, 0.9965993623804463, 0.9976620616365569, 0.9963868225292243, 0.9972369819341127, 0.9976620616365569, 0.9976620616365569, 0.9993623804463337, 0.999787460148778, 0.9982996811902232, 0.9982996811902232, 0.9972369819341127, 0.9976620616365569, 0.9980871413390011, 0.9993623804463337, 0.9959617428267801, 0.9987247608926674, 0.9965993623804463, 0.9995749202975558, 0.9991498405951116, 0.9987247608926674, 0.9982996811902232, 0.9991498405951116, 0.9957492029755579, 1.0, 1.0, 0.9995749202975558, 0.9987247608926674, 0.9980871413390011, 0.9987247608926674, 0.9976620616365569, 0.9995749202975558, 0.9993623804463337, 0.999787460148778, 0.9989373007438895, 0.997874601487779, 0.9993623804463337, 0.999787460148778, 0.9963868225292243, 0.999787460148778, 0.997874601487779, 1.0, 0.9993623804463337]}, "Adam": {"step": [1, 500, 1000, 1500, 2000, 2500, 3000, 3500, 4000, 4500, 5000, 5500, 6000, 6500, 7000, 7500, 8000, 8500, 9000, 9500, 10000, 10500, 11000, 11500, 12000, 12500, 13000, 13500, 14000, 14500, 15000, 15500, 16000, 16500, 17000, 17500, 18000, 18500, 19000, 19500, 20000, 20500, 21000, 21500, 22000, 22500, 23000, 23500, 24000, 24500, 25000], "lambda_max": [38.5237922668457, -0.03775744512677193, -0.004561261273920536, 0.0012707194546237588, -0.016065815463662148, 0.0031604019459336996, 0.008314818143844604, -0.006327874958515167, 0.0007330549415200949, 0.022403862327337265, 0.0021336213685572147, 8.893857739167288e-05, 0.0029242131859064102, 0.006259741727262735, -0.0025083727668970823, -0.008233354426920414, -0.024335067719221115, -0.0004983143880963326, 0.010398916900157928, 0.02081780694425106, 0.010668657720088959, -0.005857028532773256, -0.023666461929678917, 0.027512285858392715, 0.008105014450848103, 0.002172539010643959, -0.005599171854555607, -0.002748323604464531, -0.010587054304778576, -0.008731599897146225, -0.0017041109967976809, 0.0007039313786663115, 0.003340221708640456, 0.011303205043077469, 0.011158574372529984, 0.008724095299839973, 0.022095073014497757, 0.026301179081201553, 0.045055899769067764, 0.032310932874679565, -0.010881471447646618, -0.006156243849545717, 0.0015350939938798547, -0.020662494003772736, -0.004608821123838425, 0.012965590693056583, -0.006443510763347149, -0.016832925379276276, 0.002244679257273674, 0.009757988154888153, 0.014290748164057732], "val_acc": [0.01381509032943677, 0.008501594048884165, 0.009351753453772583, 0.00871413390010627, 0.008501594048884165, 0.008501594048884165, 0.00871413390010627, 0.008501594048884165, 0.00871413390010627, 0.008289054197662061, 0.009139213602550478, 0.008289054197662061, 0.008501594048884165, 0.009351753453772583, 0.008289054197662061, 0.008289054197662061, 0.008289054197662061, 0.009351753453772583, 0.008289054197662061, 0.00871413390010627, 0.008501594048884165, 0.009351753453772583, 0.00871413390010627, 0.00871413390010627, 0.00871413390010627, 0.008501594048884165, 0.008289054197662061, 0.008289054197662061, 0.010839532412327312, 0.008289054197662061, 0.008926673751328374, 0.009564293304994687, 0.008289054197662061, 0.008501594048884165, 0.008501594048884165, 0.008289054197662061, 0.008926673751328374, 0.009351753453772583, 0.008501594048884165, 0.008289054197662061, 0.009564293304994687, 0.008289054197662061, 0.00871413390010627, 0.008926673751328374, 0.008289054197662061, 0.008501594048884165, 0.009564293304994687, 0.009351753453772583, 0.009139213602550478, 0.008501594048884165, 0.00977683315621679]}, "SGD": {"step": [1, 500, 1000, 1500, 2000, 2500, 3000, 3500, 4000, 4500, 5000, 5500, 6000, 6500, 7000, 7500, 8000, 8500, 9000, 9500, 10000, 10500, 11000, 11500, 12000, 12500, 13000, 13500, 14000, 14500, 15000, 15500, 16000, 16500, 17000, 17500, 18000, 18500, 19000, 19500, 20000, 20500, 21000, 21500, 22000, 22500, 23000, 23500, 24000, 24500, 25000], "lambda_max": [45.622127532958984, -0.03782039135694504, -0.004540531896054745, 0.0012909164652228355, -0.016050854697823524, 0.003172184806317091, 0.00831760186702013, -0.006335195153951645, 0.0007867753156460822, 0.022409632802009583, 0.0021441751159727573, 0.00010175429633818567, 0.002949674613773823, 0.006225692108273506, -0.0025016358122229576, -0.008259465917944908, -0.0243334099650383, -0.0005179604049772024, 0.010369274765253067, 0.02084670215845108, 0.010651402175426483, -0.005822364706546068, -0.023659756407141685, 0.027524318546056747, 0.008066235110163689, 0.002179766073822975, -0.005560465157032013, -0.0027700066566467285, -0.010557128116488457, -0.00874510407447815, -0.0017605004832148552, 0.000723911274690181, 0.003336080815643072, 0.011250804178416729, 0.011163339018821716, 0.008725525811314583, 0.022089460864663124, 0.026222772896289825, 0.0450407937169075, 0.03232335299253464, -0.010836658999323845, -0.006133506074547768, 0.0015140597242861986, -0.02062215656042099, -0.004593443591147661, 0.013004382140934467, -0.006470923312008381, -0.016836240887641907, 0.0022264025174081326, 0.0097573921084404, 0.014268429949879646], "val_acc": [0.012752391073326248, 0.008289054197662061, 0.008289054197662061, 0.008289054197662061, 0.008289054197662061, 0.008289054197662061, 0.008289054197662061, 0.008289054197662061, 0.008289054197662061, 0.008289054197662061, 0.008289054197662061, 0.008289054197662061, 0.008289054197662061, 0.008289054197662061, 0.008289054197662061, 0.008289054197662061, 0.008501594048884165, 0.008289054197662061, 0.008289054197662061, 0.008289054197662061, 0.008289054197662061, 0.008289054197662061, 0.008501594048884165, 0.008289054197662061, 0.008289054197662061, 0.008289054197662061, 0.008289054197662061, 0.008289054197662061, 0.008289054197662061, 0.008289054197662061, 0.008501594048884165, 0.008289054197662061, 0.008289054197662061, 0.008289054197662061, 0.008289054197662061, 0.008289054197662061, 0.008501594048884165, 0.008289054197662061, 0.008289054197662061, 0.008289054197662061, 0.008289054197662061, 0.008289054197662061, 0.008501594048884165, 0.008289054197662061, 0.008289054197662061, 0.008289054197662061, 0.008501594048884165, 0.008289054197662061, 0.008289054197662061, 0.008289054197662061, 0.008289054197662061]}}