{"steps": [0, 100, 200, 300, 400, 500, 600, 700, 800, 900, 1000, 1100, 1200, 1300, 1400, 1500, 1600, 1700, 1800, 1900, 2000, 2100, 2200, 2300, 2400, 2500, 2600, 2700, 2800, 2900, 3000, 3100, 3200, 3300, 3400, 3500, 3600, 3700, 3800, 3900, 4000, 4100, 4200, 4300, 4400, 4500, 4600, 4700, 4800, 4900, 5000, 5100, 5200, 5300, 5400, 5500, 5600, 5700, 5800, 5900, 6000, 6100, 6200, 6300, 6400, 6500, 6600, 6700, 6800, 6900, 7000, 7100, 7200, 7300, 7400, 7500, 7600, 7700, 7800, 7900, 8000, 8100, 8200, 8300, 8400, 8500, 8600, 8700, 8800, 8900, 9000, 9100, 9200, 9300, 9400, 9500, 9600, 9700, 9800, 9900, 10000, 10100, 10200, 10300, 10400, 10500, 10600, 10700, 10800, 10900, 11000, 11100, 11200, 11300, 11400, 11500, 11600, 11700, 11800, 11900, 12000, 12100, 12200, 12300, 12400, 12500, 12600, 12700, 12800, 12900, 13000, 13100, 13200, 13300, 13400, 13500, 13600, 13700, 13800, 13900, 14000, 14100, 14200, 14300, 14400, 14500, 14600, 14700, 14800, 14900, 15000, 15100, 15200, 15300, 15400, 15500, 15600, 15700, 15800, 15900, 16000, 16100, 16200, 16300, 16400, 16500, 16600, 16700, 16800, 16900, 17000, 17100, 17200, 17300, 17400, 17500, 17600, 17700, 17800, 17900, 18000, 18100, 18200, 18300, 18400, 18500, 18600, 18700, 18800, 18900, 19000, 19100, 19200, 19300, 19400, 19500, 19600, 19700, 19800, 19900, 20000, 20100, 20200, 20300, 20400, 20500, 20600, 20700, 20800, 20900, 21000, 21100, 21200, 21300, 21400, 21500, 21600, 21700, 21800, 21900, 22000, 22100, 22200, 22300, 22400, 22500, 22600, 22700, 22800, 22900, 23000, 23100, 23200, 23300, 23400, 23500, 23600, 23700, 23800, 23900, 24000, 24100, 24200, 24300, 24400, 24500, 24600, 24700, 24800, 24900], "train_loss": [5.416324138641357, 3.866823673248291, 2.776872158050537, 1.8835984468460083, 1.2042628526687622, 0.9230402708053589, 0.6089497804641724, 0.5220359563827515, 0.48882004618644714, 0.31939050555229187, 0.36690908670425415, 0.3209894597530365, 0.36088523268699646, 0.22163420915603638, 0.3355388045310974, 0.2531336843967438, 0.2208881974220276, 0.28286582231521606, 0.1801709085702896, 0.1623050719499588, 0.1581808626651764, 0.0922895148396492, 0.07435350120067596, 0.08211377263069153, 0.08616732805967331, 0.03475489467382431, 0.09230875968933105, 0.027421098202466965, 0.019525835290551186, 0.04542689770460129, 0.035659514367580414, 0.028390130028128624, 0.017297640442848206, 0.08869028836488724, 0.043645456433296204, 0.0500393845140934, 0.03909733518958092, 0.039586883038282394, 0.04437937214970589, 0.04623100534081459, 0.00797253753989935, 0.054745860397815704, 0.030499916523694992, 0.03845169395208359, 0.023526573553681374, 0.02895093522965908, 0.02889186143875122, 0.02460675872862339, 0.03304855898022652, 0.021548449993133545, 0.01609487272799015, 0.018660781905055046, 0.01004728302359581, 0.02991185151040554, 0.019605832174420357, 0.028529422357678413, 0.027377042919397354, 0.046769723296165466, 0.03261880576610565, 0.03178048133850098, 0.025797465816140175, 0.018459312617778778, 0.025402341037988663, 0.03553411737084389, 0.047428734600543976, 0.024248655885457993, 0.025713788345456123, 0.019095050171017647, 0.03263792023062706, 0.019818853586912155, 0.020116116851568222, 0.041159093379974365, 0.017986897379159927, 0.03892068937420845, 0.02014521323144436, 0.008083860389888287, 0.014524251222610474, 0.014833612367510796, 0.016025539487600327, 0.030762871727347374, 0.024136750027537346, 0.008156298659741879, 0.021220728754997253, 0.04773743078112602, 0.01946895197033882, 0.018639404326677322, 0.039958417415618896, 0.026374420151114464, 0.02317998744547367, 0.05985965579748154, 0.012797952629625797, 0.01967444457113743, 0.009893381036818027, 0.016499636694788933, 0.008885540999472141, 0.0318639799952507, 0.011883177794516087, 0.025639737024903297, 0.027231168001890182, 0.00929961446672678, 0.017086157575249672, 0.025371119379997253, 0.014057598076760769, 0.033456895500421524, 0.01914983056485653, 0.018089154735207558, 0.007758612744510174, 0.026240412145853043, 0.014281855896115303, 0.0059472438879311085, 0.023356692865490913, 0.03728577494621277, 0.009720083326101303, 0.0488416813313961, 0.018178988248109818, 0.012925649993121624, 0.02379576303064823, 0.019175050780177116, 0.013348640874028206, 0.03480532392859459, 0.02038959041237831, 0.0051056877709925175, 0.017821582034230232, 0.005242710933089256, 0.013032899238169193, 0.02651047706604004, 0.03182010352611542, 0.009485798887908459, 0.033768534660339355, 0.010523943230509758, 0.02510165236890316, 0.018443960696458817, 0.004931511823087931, 0.02934768982231617, 0.03271086886525154, 0.03482227772474289, 0.03433748707175255, 0.007612612564116716, 0.014418675564229488, 0.006384060252457857, 0.017853017896413803, 0.008417559787631035, 0.02367098070681095, 0.01670869067311287, 0.013241259381175041, 0.04330017790198326, 0.024190574884414673, 0.0130215585231781, 0.012419926933944225, 0.016827311366796494, 0.01436494942754507, 0.01265641674399376, 0.011530624702572823, 0.02407568320631981, 0.017920279875397682, 0.01261069718748331, 0.0395832322537899, 0.017939666286110878, 0.007058871444314718, 0.011799949221313, 0.01676263101398945, 0.013262009248137474, 0.009080580435693264, 0.007926111109554768, 0.014448440633714199, 0.014097307808697224, 0.011656147427856922, 0.01244568545371294, 0.025017529726028442, 0.008079374209046364, 0.02166910655796528, 0.012217444367706776, 0.021341368556022644, 0.011332192458212376, 0.021906351670622826, 0.011698448099195957, 0.020197538658976555, 0.006534656975418329, 0.04337865114212036, 0.005788807757198811, 0.02108161151409149, 0.011019766330718994, 0.027062933892011642, 0.008593278005719185, 0.023514915257692337, 0.05217628926038742, 0.007679170463234186, 0.025688711553812027, 0.05317366495728493, 0.007657896727323532, 0.002908487804234028, 0.046532101929187775, 0.013687971979379654, 0.015025834552943707, 0.018211526796221733, 0.0053495680913329124, 0.013501100242137909, 0.005740758962929249, 0.021259892731904984, 0.007650613784790039, 0.005541765131056309, 0.01738063618540764, 0.008424858562648296, 0.01419717725366354, 0.008558531291782856, 0.014176156371831894, 0.0485626682639122, 0.016039611771702766, 0.023967348039150238, 0.019118867814540863, 0.0221388079226017, 0.014638497494161129, 0.029814768582582474, 0.0103269312530756, 0.01940927840769291, 0.0025374614633619785, 0.04192600026726723, 0.032508984208106995, 0.006578619126230478, 0.026151590049266815, 0.012582018971443176, 0.02869570627808571, 0.016059307381510735, 0.021058255806565285, 0.0126944025978446, 0.018755575641989708, 0.007151271216571331, 0.010749103501439095, 0.01132524386048317, 0.03025123104453087, 0.0068046292290091515, 0.02800769917666912, 0.03678644448518753, 0.007501025218516588, 0.010544461198151112, 0.01775578036904335, 0.014592216350138187, 0.016247043386101723, 0.014753732830286026, 0.016658416017889977, 0.005143716465681791, 0.00914783775806427, 0.04125148057937622, 0.004270730074495077, 0.015963109210133553, 0.00953939650207758, 0.02283155731856823, 0.02108857035636902, 0.025978105142712593, 0.013783733360469341],