{"steps": [0, 100, 200, 300, 400, 500, 600, 700, 800, 900, 1000, 1100, 1200, 1300, 1400, 1500, 1600, 1700, 1800, 1900, 2000, 2100, 2200, 2300, 2400, 2500, 2600, 2700, 2800, 2900, 3000, 3100, 3200, 3300, 3400, 3500, 3600, 3700, 3800, 3900, 4000, 4100, 4200, 4300, 4400, 4500, 4600, 4700, 4800, 4900, 5000, 5100, 5200, 5300, 5400, 5500, 5600, 5700, 5800, 5900, 6000, 6100, 6200, 6300, 6400, 6500, 6600, 6700, 6800, 6900, 7000, 7100, 7200, 7300, 7400, 7500, 7600, 7700, 7800, 7900, 8000, 8100, 8200, 8300, 8400, 8500, 8600, 8700, 8800, 8900, 9000, 9100, 9200, 9300, 9400, 9500, 9600, 9700, 9800, 9900, 10000, 10100, 10200, 10300, 10400, 10500, 10600, 10700, 10800, 10900, 11000, 11100, 11200, 11300, 11400, 11500, 11600, 11700, 11800, 11900, 12000, 12100, 12200, 12300, 12400, 12500, 12600, 12700, 12800, 12900, 13000, 13100, 13200, 13300, 13400, 13500, 13600, 13700, 13800, 13900, 14000, 14100, 14200, 14300, 14400, 14500, 14600, 14700, 14800, 14900, 15000, 15100, 15200, 15300, 15400, 15500, 15600, 15700, 15800, 15900, 16000, 16100, 16200, 16300, 16400, 16500, 16600, 16700, 16800, 16900, 17000, 17100, 17200, 17300, 17400, 17500, 17600, 17700, 17800, 17900, 18000, 18100, 18200, 18300, 18400, 18500, 18600, 18700, 18800, 18900, 19000, 19100, 19200, 19300, 19400, 19500, 19600, 19700, 19800, 19900, 20000, 20100, 20200, 20300, 20400, 20500, 20600, 20700, 20800, 20900, 21000, 21100, 21200, 21300, 21400, 21500, 21600, 21700, 21800, 21900, 22000, 22100, 22200, 22300, 22400, 22500, 22600, 22700, 22800, 22900, 23000, 23100, 23200, 23300, 23400, 23500, 23600, 23700, 23800, 23900, 24000, 24100, 24200, 24300, 24400, 24500, 24600, 24700, 24800, 24900], "train_loss": [5.311464309692383, 3.888972520828247, 2.7166566848754883, 1.8865922689437866, 1.165723443031311, 0.8485738039016724, 0.6088448762893677, 0.5718954205513, 0.5129477977752686, 0.3398646116256714, 0.26315614581108093, 0.2856917679309845, 0.26923903822898865, 0.1855374276638031, 0.2716997563838959, 0.23172272741794586, 0.15643814206123352, 0.16087807714939117, 0.14857620000839233, 0.11189880967140198, 0.13908874988555908, 0.09842412918806076, 0.12136521190404892, 0.0706225037574768, 0.03401036188006401, 0.11128880828619003, 0.03555803373456001, 0.07726956903934479, 0.051189541816711426, 0.016136182472109795, 0.09421344846487045, 0.09718076139688492, 0.02266875095665455, 0.032235294580459595, 0.031258732080459595, 0.03275078162550926, 0.033607207238674164, 0.03782246261835098, 0.02732190489768982, 0.017124099656939507, 0.028359506279230118, 0.011639595963060856, 0.04109150543808937, 0.02442910149693489, 0.012975571677088737, 0.01823611557483673, 0.030456827953457832, 0.012583973817527294, 0.021275123581290245, 0.018049776554107666, 0.06083111837506294, 0.024212343618273735, 0.00978844240307808, 0.04309551790356636, 0.04866621643304825, 0.013129621744155884, 0.010623142123222351, 0.03259802609682083, 0.026387399062514305, 0.011707158759236336, 0.016790401190519333, 0.03938119113445282, 0.021911075338721275, 0.0383174903690815, 0.043192218989133835, 0.016193585470318794, 0.015062729828059673, 0.019736874848604202, 0.06731457263231277, 0.02202601358294487, 0.006480019073933363, 0.03167392686009407, 0.020904242992401123, 0.01715637743473053, 0.02316482551395893, 0.014794155955314636, 0.05342218279838562, 0.014385710470378399, 0.03947858884930611, 0.03159874305129051, 0.015128807164728642, 0.0380701906979084, 0.004597794730216265, 0.015184519812464714, 0.01467890851199627, 0.014280349016189575, 0.010783493518829346, 0.009968996047973633, 0.03156750649213791, 0.01880253292620182, 0.025460338220000267, 0.018668167293071747, 0.011708359234035015, 0.016222096979618073, 0.006201159209012985, 0.019491586834192276, 0.03894924372434616, 0.012167947366833687, 0.02089551091194153, 0.013345008715987206, 0.022833818569779396, 0.017945341765880585, 0.005739924032241106, 0.011357901617884636, 0.02141771838068962, 0.014611421152949333, 0.009238919243216515, 0.043022505939006805, 0.011136902496218681, 0.010567859746515751, 0.013338007032871246, 0.006388754118233919, 0.005412297789007425, 0.021933017298579216, 0.00959793757647276, 0.01512858271598816, 0.013523773290216923, 0.009471138007938862, 0.015196857042610645, 0.017323259264230728, 0.02324877306818962, 0.01953551359474659, 0.023641685023903847, 0.014195180498063564, 0.01323674526065588, 0.016321176663041115, 0.02694886550307274, 0.011553668417036533, 0.008479387499392033, 0.00858589168637991, 0.027895284816622734, 0.015771940350532532, 0.012645944952964783, 0.012260393239557743, 0.010616022162139416, 0.028718119487166405, 0.011433223262429237, 0.013935408554971218, 0.012966902926564217, 0.013805526308715343, 0.035133786499500275, 0.009529183618724346, 0.03338147699832916, 0.007845645770430565, 0.0108715845271945, 0.029219895601272583, 0.0074133435264229774, 0.025303633883595467, 0.011528953909873962, 0.00444933632388711, 0.012583461590111256, 0.019349992275238037, 0.011171765625476837, 0.01671994850039482, 0.017574207857251167, 0.05507258325815201, 0.008920704945921898, 0.01390687096863985, 0.018133357167243958, 0.023455919697880745, 0.017906004562973976, 0.020553776994347572, 0.030468514189124107, 0.020168306306004524, 0.010203441604971886, 0.024463724344968796, 0.0057051233015954494, 0.014575401321053505, 0.04211542755365372, 0.030873995274305344, 0.0471220426261425, 0.04541650414466858, 0.011539296247065067, 0.006703109480440617, 0.020949672907590866, 0.010155445896089077, 0.017071472480893135, 0.013283398933708668, 0.048850491642951965, 0.009553880430758, 0.005528212524950504, 0.018343474715948105, 0.01367892324924469, 0.015446821227669716, 0.012640423141419888, 0.016182217746973038, 0.009970780462026596, 0.014886840246617794, 0.01794515922665596, 0.012871505692601204, 0.016862312331795692, 0.0321645587682724, 0.0043998826295137405, 0.009160318411886692, 0.012942264787852764, 0.018872691318392754, 0.02168208174407482, 0.022628054022789, 0.012953587807714939, 0.011718432419002056, 0.01678927056491375, 0.02475278079509735, 0.047766365110874176, 0.012006823904812336, 0.013267084024846554, 0.011560587212443352, 0.009593027643859386, 0.015465288423001766, 0.005906127393245697, 0.013885412365198135, 0.026885326951742172, 0.01969575509428978, 0.017551708966493607, 0.03398634493350983, 0.02079853042960167, 0.02663652040064335, 0.011657832190394402, 0.027642572298645973, 0.024348676204681396, 0.009732780046761036, 0.019538896158337593, 0.010794484056532383, 0.02113189361989498, 0.07019560784101486, 0.004539939574897289, 0.04207523167133331, 0.00496169226244092, 0.011077913455665112, 0.020853087306022644, 0.029935158789157867, 0.017785286530852318, 0.03726872056722641, 0.02198178879916668, 0.030082061886787415, 0.016909366473555565, 0.016534043475985527, 0.011444215662777424, 0.012055674567818642, 0.008926798589527607, 0.007124853320419788, 0.003942638169974089, 0.023185722529888153, 0.02600718103349209, 0.031401075422763824, 0.008288787677884102, 0.020749133080244064, 0.012768474407494068, 0.009164773859083652, 0.018055660650134087, 0.016333911567926407],