{"steps": [0, 100, 200, 300, 400, 500, 600, 700, 800, 900, 1000, 1100, 1200, 1300, 1400, 1500, 1600, 1700, 1800, 1900, 2000, 2100, 2200, 2300, 2400, 2500, 2600, 2700, 2800, 2900, 3000, 3100, 3200, 3300, 3400, 3500, 3600, 3700, 3800, 3900, 4000, 4100, 4200, 4300, 4400, 4500, 4600, 4700, 4800, 4900, 5000, 5100, 5200, 5300, 5400, 5500, 5600, 5700, 5800, 5900, 6000, 6100, 6200, 6300, 6400, 6500, 6600, 6700, 6800, 6900, 7000, 7100, 7200, 7300, 7400, 7500, 7600, 7700, 7800, 7900, 8000, 8100, 8200, 8300, 8400, 8500, 8600, 8700, 8800, 8900, 9000, 9100, 9200, 9300, 9400, 9500, 9600, 9700, 9800, 9900, 10000, 10100, 10200, 10300, 10400, 10500, 10600, 10700, 10800, 10900, 11000, 11100, 11200, 11300, 11400, 11500, 11600, 11700, 11800, 11900, 12000, 12100, 12200, 12300, 12400, 12500, 12600, 12700, 12800, 12900, 13000, 13100, 13200, 13300, 13400, 13500, 13600, 13700, 13800, 13900, 14000, 14100, 14200, 14300, 14400, 14500, 14600, 14700, 14800, 14900, 15000, 15100, 15200, 15300, 15400, 15500, 15600, 15700, 15800, 15900, 16000, 16100, 16200, 16300, 16400, 16500, 16600, 16700, 16800, 16900, 17000, 17100, 17200, 17300, 17400, 17500, 17600, 17700, 17800, 17900, 18000, 18100, 18200, 18300, 18400, 18500, 18600, 18700, 18800, 18900, 19000, 19100, 19200, 19300, 19400, 19500, 19600, 19700, 19800, 19900, 20000, 20100, 20200, 20300, 20400, 20500, 20600, 20700, 20800, 20900, 21000, 21100, 21200, 21300, 21400, 21500, 21600, 21700, 21800, 21900, 22000, 22100, 22200, 22300, 22400, 22500, 22600, 22700, 22800, 22900, 23000, 23100, 23200, 23300, 23400, 23500, 23600, 23700, 23800, 23900, 24000, 24100, 24200, 24300, 24400, 24500, 24600, 24700, 24800, 24900], "train_loss": [5.471877098083496, 4.585777282714844, 4.245961666107178, 4.127074241638184, 3.117429494857788, 1.1802008152008057, 0.5135433673858643, 0.18781344592571259, 0.11903530359268188, 0.07942567020654678, 0.06053297594189644, 0.1435070037841797, 0.21246148645877838, 0.0776703804731369, 0.0504470095038414, 0.08152386546134949, 0.052049096673727036, 0.07466278970241547, 0.04641392081975937, 0.037928368896245956, 0.054301340132951736, 0.027788987383246422, 0.06502673774957657, 0.0749160647392273, 0.06725937128067017, 0.04031163826584816, 0.08175738900899887, 0.08750253170728683, 0.08974428474903107, 0.06653442233800888, 0.06265096366405487, 0.11111196875572205, 0.06184454634785652, 0.057154521346092224, 0.029101045802235603, 0.06992591917514801, 0.047092508524656296, 0.08269181847572327, 0.05778682231903076, 0.038062483072280884, 0.046062666922807693, 0.04543650895357132, 0.03948448970913887, 0.055902883410453796, 0.041741155087947845, 0.033361610025167465, 0.043677423149347305, 0.06745187938213348, 0.0939716026186943, 0.05072940140962601, 0.07366058230400085, 0.11867675185203552, 0.15904071927070618, 0.04915929213166237, 0.041889164596796036, 0.04471053183078766, 0.02906089834868908, 0.04985837638378143, 0.04670364409685135, 0.06494211405515671, 0.024584949016571045, 0.03782924637198448, 0.08949268609285355, 0.02249729447066784, 0.04931372404098511, 0.0353146530687809, 0.09803406149148941, 0.08663695305585861, 0.06263672560453415, 0.0334339514374733, 0.039830125868320465, 0.02190990373492241, 0.0510641410946846, 0.05695353075861931, 0.05048474296927452, 0.04724156856536865, 0.036542005836963654, 0.030412279069423676, 0.06937753409147263, 0.03027813322842121, 0.035619232803583145, 0.06193578615784645, 0.06508594751358032, 0.04648794233798981, 0.024178743362426758, 0.050558123737573624, 0.10701674968004227, 0.017681358382105827, 0.07878947257995605, 0.048616860061883926, 0.06273921579122543, 0.04774610698223114, 0.07144677639007568, 0.030829619616270065, 0.05750114470720291, 0.05007510259747505, 0.02098548412322998, 0.02223992347717285, 0.07857372611761093, 0.028973231092095375, 0.04979732260107994, 0.0323067381978035, 0.054175324738025665, 0.022080814465880394, 0.037968918681144714, 0.062343332916498184, 0.06329508870840073, 0.04424084722995758, 0.06753642857074738, 0.06342380493879318, 0.042066507041454315, 0.031083349138498306, 0.059749819338321686, 0.03950398787856102, 0.07671530544757843, 0.03900915011763573, 0.09569405019283295, 0.04896508902311325, 0.023370161652565002, 0.035576097667217255, 0.04789702221751213, 0.026378173381090164, 0.02883042022585869, 0.020862674340605736, 0.013015751726925373, 0.032208703458309174, 0.028295891359448433, 0.024038046598434448, 0.0437508188188076, 0.1407809555530548, 0.029774021357297897, 0.07920675724744797, 0.019331809133291245, 0.03059929981827736, 0.017632102593779564, 0.02902878262102604, 0.01718015968799591, 0.012883659452199936, 0.022771751508116722, 0.01851264387369156, 0.023418553173542023, 0.04696539789438248, 0.03018827736377716, 0.023074086755514145, 0.06721963733434677, 0.029377898201346397, 0.03042183630168438, 0.040219224989414215, 0.04226071015000343, 0.03638298809528351, 0.02993854507803917, 0.046849556267261505, 0.056396376341581345, 0.01614874042570591, 0.06982008367776871, 0.02216501533985138, 0.04074898362159729, 0.06496772915124893, 0.020616458728909492, 0.03518005460500717, 0.02071203663945198, 0.047362055629491806, 0.03573063015937805, 0.007414071820676327, 0.03966015204787254, 0.016790293157100677, 0.041696298867464066, 0.01784449815750122, 0.022950632497668266, 0.032256171107292175, 0.03039955347776413, 0.014394783414900303, 0.011092295870184898, 0.024531563743948936, 0.024205993860960007, 0.02026577852666378, 0.011311639100313187, 0.033443063497543335, 0.038441259413957596, 0.02480660192668438, 0.025905251502990723, 0.029702989384531975, 0.021834883838891983, 0.03462737426161766, 0.049430400133132935, 0.02058389224112034, 0.027339456602931023, 0.06163929030299187, 0.04801759496331215, 0.08603030443191528, 0.049978550523519516, 0.058586299419403076, 0.0291515551507473, 0.039676517248153687, 0.049727194011211395, 0.027609258890151978, 0.06952547281980515, 0.0334324985742569, 0.05253348499536514, 0.016662472859025, 0.07946201413869858, 0.014908995479345322, 0.0269026942551136, 0.03314514085650444, 0.031180743128061295, 0.01946965791285038, 0.022529181092977524, 0.041259050369262695, 0.04252167046070099, 0.03009907156229019, 0.05096518248319626, 0.040066465735435486, 0.028268668800592422, 0.03237072750926018, 0.029913943260908127, 0.029706921428442, 0.030802331864833832, 0.013948430307209492, 0.021154066547751427, 0.021242430433630943, 0.0253681018948555, 0.07375441491603851, 0.017554467543959618, 0.030009020119905472, 0.05986093729734421, 0.029883049428462982, 0.030602091923356056, 0.0292977187782526, 0.023568999022245407, 0.02712334506213665, 0.025972407311201096, 0.01477107871323824, 0.04527497664093971, 0.02853282541036606, 0.05166683346033096, 0.046372439712285995, 0.02058040164411068, 0.06202255189418793, 0.019858460873365402, 0.018421288579702377, 0.018448274582624435, 0.031170127913355827, 0.029663121327757835, 0.027277426794171333, 0.025197571143507957, 0.015643645077943802, 0.013690521009266376, 0.0779697597026825, 0.026058197021484375, 0.015461966395378113],